0.2388256433608605, 0.23325292604580766, 0.21905529641982455, 0.21818886687260775, 0.2025537518614698, 0.1793078409412575
0.23325292604580766, 0.21905529641982455, 0.21818886687260775, 0.2025537518614698, 0.1793078409412575, 0.18927178073424988
0.21905529641982455, 0.21818886687260775, 0.2025537518614698, 0.1793078409412575, 0.18927178073424988, 0.20784094125755354
0.21818886687260775, 0.2025537518614698, 0.1793078409412575, 0.18927178073424988, 0.20784094125755354, 0.19079787823218836
0.2025537518614698, 0.1793078409412575, 0.18927178073424988, 0.20784094125755354, 0.19079787823218836, 0.19011851870084792
0.1793078409412575, 0.18927178073424988, 0.20784094125755354, 0.19079787823218836, 0.19011851870084792, 0.21100143994683274
0.18927178073424988, 0.20784094125755354, 0.19079787823218836, 0.19011851870084792, 0.21100143994683274, 0.20544841421239843
0.20784094125755354, 0.19079787823218836, 0.19011851870084792, 0.21100143994683274, 0.20544841421239843, 0.1973551745781695
0.19079787823218836, 0.19011851870084792, 0.21100143994683274, 0.20544841421239843, 0.1973551745781695, 0.19894034681796363
0.19011851870084792, 0.21100143994683274, 0.20544841421239843, 0.1973551745781695, 0.19894034681796363, 0.18752907584950718
0.21100143994683274, 0.20544841421239843, 0.1973551745781695, 0.19894034681796363, 0.18752907584950718, 0.19248150837507544
0.20544841421239843, 0.1973551745781695, 0.19894034681796363, 0.18752907584950718, 0.19248150837507544, 0.2109128278340493
0.1973551745781695, 0.19894034681796363, 0.18752907584950718, 0.19248150837507544, 0.2109128278340493, 0.2200595670313712
0.19894034681796363, 0.18752907584950718, 0.19248150837507544, 0.2109128278340493, 0.2200595670313712, 0.223387444155908
0.18752907584950718, 0.19248150837507544, 0.2109128278340493, 0.2200595670313712, 0.223387444155908, 0.2180214884373501
0.19248150837507544, 0.2109128278340493, 0.2200595670313712, 0.223387444155908, 0.2180214884373501, 0.22580950857199114
0.2109128278340493, 0.2200595670313712, 0.223387444155908, 0.2180214884373501, 0.22580950857199114, 0.22235363617343357
0.2200595670313712, 0.223387444155908, 0.2180214884373501, 0.22580950857199114, 0.22235363617343357, 0.21177925738126588
0.223387444155908, 0.2180214884373501, 0.22580950857199114, 0.22235363617343357, 0.21177925738126588, 0.1896557665563117
0.2180214884373501, 0.22580950857199114, 0.22235363617343357, 0.21177925738126588, 0.1896557665563117, 0.1901283644911572
0.22580950857199114, 0.22235363617343357, 0.21177925738126588, 0.1896557665563117, 0.1901283644911572, 0.1843587313699187
0.22235363617343357, 0.21177925738126588, 0.1896557665563117, 0.1901283644911572, 0.1843587313699187, 0.17535967902723587
0.21177925738126588, 0.1896557665563117, 0.1901283644911572, 0.1843587313699187, 0.17535967902723587, 0.17871709352270074
0.1896557665563117, 0.1901283644911572, 0.1843587313699187, 0.17535967902723587, 0.17871709352270074, 0.1741880299804316
0.1901283644911572, 0.1843587313699187, 0.17535967902723587, 0.17871709352270074, 0.1741880299804316, 0.159379961355273
0.1843587313699187, 0.17535967902723587, 0.17871709352270074, 0.1741880299804316, 0.159379961355273, 0.15180854860743614
0.17535967902723587, 0.17871709352270074, 0.1741880299804316, 0.159379961355273, 0.15180854860743614, 0.1460389154861974
0.17871709352270074, 0.1741880299804316, 0.159379961355273, 0.15180854860743614, 0.1460389154861974, 0.1264064096094913
0.1741880299804316, 0.159379961355273, 0.15180854860743614, 0.1460389154861974, 0.1264064096094913, 0.11691506775134464
0.159379961355273, 0.15180854860743614, 0.1460389154861974, 0.1264064096094913, 0.11691506775134464, 0.137364774223721
0.15180854860743614, 0.1460389154861974, 0.1264064096094913, 0.11691506775134464, 0.137364774223721, 0.1379949048035151
0.1460389154861974, 0.1264064096094913, 0.11691506775134464, 0.137364774223721, 0.1379949048035151, 0.14019051604248453
0.1264064096094913, 0.11691506775134464, 0.137364774223721, 0.1379949048035151, 0.14019051604248453, 0.14198244987877381
0.11691506775134464, 0.137364774223721, 0.1379949048035151, 0.14019051604248453, 0.14198244987877381, 0.13916655385031934
0.137364774223721, 0.1379949048035151, 0.14019051604248453, 0.14198244987877381, 0.13916655385031934, 0.15354140770186958
0.1379949048035151, 0.14019051604248453, 0.14198244987877381, 0.13916655385031934, 0.15354140770186958, 0.13473594821114293
0.14019051604248453, 0.14198244987877381, 0.13916655385031934, 0.15354140770186958, 0.13473594821114293, 0.13179205690866796
0.14198244987877381, 0.13916655385031934, 0.15354140770186958, 0.13473594821114293, 0.13179205690866796, 0.1
0.13916655385031934, 0.15354140770186958, 0.13473594821114293, 0.13179205690866796, 0.1, 0.10013784106433003
0.15354140770186958, 0.13473594821114293, 0.13179205690866796, 0.1, 0.10013784106433003, 0.10734495957072358
0.13473594821114293, 0.13179205690866796, 0.1, 0.10013784106433003, 0.10734495957072358, 0.13651803625712294
0.13179205690866796, 0.1, 0.10013784106433003, 0.10734495957072358, 0.13651803625712294, 0.13638019519279293
0.1, 0.10013784106433003, 0.10734495957072358, 0.13651803625712294, 0.13638019519279293, 0.1468856534527957
0.10013784106433003, 0.10734495957072358, 0.13651803625712294, 0.13638019519279293, 0.1468856534527957, 0.13041364626536878
0.10734495957072358, 0.13651803625712294, 0.13638019519279293, 0.1468856534527957, 0.13041364626536878, 0.14542847648702212
0.13651803625712294, 0.13638019519279293, 0.1468856534527957, 0.13041364626536878, 0.14542847648702212, 0.13627189149939092
0.13638019519279293, 0.1468856534527957, 0.13041364626536878, 0.14542847648702212, 0.13627189149939092, 0.15027260531918815
0.1468856534527957, 0.13041364626536878, 0.14542847648702212, 0.13627189149939092, 0.15027260531918815, 0.1638007212041401
0.13041364626536878, 0.14542847648702212, 0.13627189149939092, 0.15027260531918815, 0.1638007212041401, 0.16571080452414066
0.14542847648702212, 0.13627189149939092, 0.15027260531918815, 0.1638007212041401, 0.16571080452414066, 0.17870724773239147
0.13627189149939092, 0.15027260531918815, 0.1638007212041401, 0.16571080452414066, 0.17870724773239147, 0.17645256175156618
0.15027260531918815, 0.1638007212041401, 0.16571080452414066, 0.17870724773239147, 0.17645256175156618, 0.1467379665981564
0.1638007212041401, 0.16571080452414066, 0.17870724773239147, 0.17645256175156618, 0.1467379665981564, 0.15610131318228251
0.16571080452414066, 0.17870724773239147, 0.17645256175156618, 0.1467379665981564, 0.15610131318228251, 0.13512977982351426
0.17870724773239147, 0.17645256175156618, 0.1467379665981564, 0.15610131318228251, 0.13512977982351426, 0.14130309034743338
0.17645256175156618, 0.1467379665981564, 0.15610131318228251, 0.13512977982351426, 0.14130309034743338, 0.1529801976542404
0.1467379665981564, 0.15610131318228251, 0.13512977982351426, 0.14130309034743338, 0.1529801976542404, 0.15021353057733253
0.15610131318228251, 0.13512977982351426, 0.14130309034743338, 0.1529801976542404, 0.15021353057733253, 0.18282278808167093
0.13512977982351426, 0.14130309034743338, 0.1529801976542404, 0.15021353057733253, 0.18282278808167093, 0.18612112783527995
0.14130309034743338, 0.1529801976542404, 0.15021353057733253, 0.18282278808167093, 0.18612112783527995, 0.19449989538847798
0.1529801976542404, 0.15021353057733253, 0.18282278808167093, 0.18612112783527995, 0.19449989538847798, 0.18815920642930103
0.15021353057733253, 0.18282278808167093, 0.18612112783527995, 0.19449989538847798, 0.18815920642930103, 0.1754581369303288
0.18282278808167093, 0.18612112783527995, 0.19449989538847798, 0.18815920642930103, 0.1754581369303288, 0.1732723714816684
0.18612112783527995, 0.19449989538847798, 0.18815920642930103, 0.1754581369303288, 0.1732723714816684, 0.16245184793176873
0.19449989538847798, 0.18815920642930103, 0.1754581369303288, 0.1732723714816684, 0.16245184793176873, 0.1624321563511502
0.18815920642930103, 0.1754581369303288, 0.1732723714816684, 0.16245184793176873, 0.1624321563511502, 0.15584532263424122
0.1754581369303288, 0.1732723714816684, 0.16245184793176873, 0.1624321563511502, 0.15584532263424122, 0.17752575289527772
0.1732723714816684, 0.16245184793176873, 0.1624321563511502, 0.15584532263424122, 0.17752575289527772, 0.17443417473816364
0.16245184793176873, 0.1624321563511502, 0.15584532263424122, 0.17752575289527772, 0.17443417473816364, 0.18430950241837235
0.1624321563511502, 0.15584532263424122, 0.17752575289527772, 0.17443417473816364, 0.18430950241837235, 0.19327901739012712
0.15584532263424122, 0.17752575289527772, 0.17443417473816364, 0.18430950241837235, 0.19327901739012712, 0.19695149717548893
0.17752575289527772, 0.17443417473816364, 0.18430950241837235, 0.19327901739012712, 0.19695149717548893, 0.18331507759713497
0.17443417473816364, 0.18430950241837235, 0.19327901739012712, 0.19695149717548893, 0.18331507759713497, 0.17136228816166788
0.18430950241837235, 0.19327901739012712, 0.19695149717548893, 0.18331507759713497, 0.17136228816166788, 0.15934057819403588
0.19327901739012712, 0.19695149717548893, 0.18331507759713497, 0.17136228816166788, 0.15934057819403588, 0.15892705500104626
0.19695149717548893, 0.18331507759713497, 0.17136228816166788, 0.15934057819403588, 0.15892705500104626, 0.18071578895548474
0.18331507759713497, 0.17136228816166788, 0.15934057819403588, 0.15892705500104626, 0.18071578895548474, 0.20626561480806868
0.17136228816166788, 0.15934057819403588, 0.15892705500104626, 0.18071578895548474, 0.20626561480806868, 0.2056059468573468
0.15934057819403588, 0.15892705500104626, 0.18071578895548474, 0.20626561480806868, 0.2056059468573468, 0.1997181642523968
0.15892705500104626, 0.18071578895548474, 0.20626561480806868, 0.2056059468573468, 0.1997181642523968, 0.19560262390311756
0.18071578895548474, 0.20626561480806868, 0.2056059468573468, 0.1997181642523968, 0.19560262390311756, 0.18561899252950664
0.20626561480806868, 0.2056059468573468, 0.1997181642523968, 0.19560262390311756, 0.18561899252950664, 0.21120820154332764
0.2056059468573468, 0.1997181642523968, 0.19560262390311756, 0.18561899252950664, 0.21120820154332764, 0.21439823760353469
0.1997181642523968, 0.19560262390311756, 0.18561899252950664, 0.21120820154332764, 0.21439823760353469, 0.22140844030374254
0.19560262390311756, 0.18561899252950664, 0.21120820154332764, 0.21439823760353469, 0.22140844030374254, 0.2222650240606501
0.18561899252950664, 0.21120820154332764, 0.21439823760353469, 0.22140844030374254, 0.2222650240606501, 0.22283607989858834
0.21120820154332764, 0.21439823760353469, 0.22140844030374254, 0.2222650240606501, 0.22283607989858834, 0.2258587375235375
0.21439823760353469, 0.22140844030374254, 0.2222650240606501, 0.22283607989858834, 0.2258587375235375, 0.22412587842910406
0.22140844030374254, 0.2222650240606501, 0.22283607989858834, 0.2258587375235375, 0.22412587842910406, 0.22394865420353718
0.2222650240606501, 0.22283607989858834, 0.2258587375235375, 0.22412587842910406, 0.22394865420353718, 0.22552398065302204
0.22283607989858834, 0.2258587375235375, 0.22412587842910406, 0.22394865420353718, 0.22552398065302204, 0.23535007938168437
0.2258587375235375, 0.22412587842910406, 0.22394865420353718, 0.22552398065302204, 0.23535007938168437, 0.2379592138136439
0.22412587842910406, 0.22394865420353718, 0.22552398065302204, 0.23535007938168437, 0.2379592138136439, 0.2379296764427161
0.22394865420353718, 0.22552398065302204, 0.23535007938168437, 0.2379592138136439, 0.2379296764427161, 0.23304616444931273
0.22552398065302204, 0.23535007938168437, 0.2379592138136439, 0.2379296764427161, 0.23304616444931273, 0.23336122973920964
0.23535007938168437, 0.2379592138136439, 0.2379296764427161, 0.23304616444931273, 0.23336122973920964, 0.22212718299632006
0.2379592138136439, 0.2379296764427161, 0.23304616444931273, 0.23336122973920964, 0.22212718299632006, 0.23103762322621946
0.2379296764427161, 0.23304616444931273, 0.23336122973920964, 0.22212718299632006, 0.23103762322621946, 0.23035826369487902
0.23304616444931273, 0.23336122973920964, 0.22212718299632006, 0.23103762322621946, 0.23035826369487902, 0.2292358435996209
0.23336122973920964, 0.22212718299632006, 0.23103762322621946, 0.23035826369487902, 0.2292358435996209, 0.23040749264642538
0.22212718299632006, 0.23103762322621946, 0.23035826369487902, 0.2292358435996209, 0.23040749264642538, 0.21956727751590713
0.23103762322621946, 0.23035826369487902, 0.2292358435996209, 0.23040749264642538, 0.21956727751590713, 0.22655778863549647
0.23035826369487902, 0.2292358435996209, 0.23040749264642538, 0.21956727751590713, 0.22655778863549647, 0.22494307902477453
0.2292358435996209, 0.23040749264642538, 0.21956727751590713, 0.22655778863549647, 0.22494307902477453, 0.22346621047838242
0.23040749264642538, 0.21956727751590713, 0.22655778863549647, 0.22494307902477453, 0.22346621047838242, 0.25170393708539984
0.21956727751590713, 0.22655778863549647, 0.22494307902477453, 0.22346621047838242, 0.25170393708539984, 0.2574144954647829
0.22655778863549647, 0.22494307902477453, 0.22346621047838242, 0.25170393708539984, 0.2574144954647829, 0.24871081683137847
0.22494307902477453, 0.22346621047838242, 0.25170393708539984, 0.2574144954647829, 0.24871081683137847, 0.25312173088993634
0.22346621047838242, 0.25170393708539984, 0.2574144954647829, 0.24871081683137847, 0.25312173088993634, 0.25607546798272063
0.25170393708539984, 0.2574144954647829, 0.24871081683137847, 0.25312173088993634, 0.25607546798272063, 0.27914415467736575
0.2574144954647829, 0.24871081683137847, 0.25312173088993634, 0.25607546798272063, 0.27914415467736575, 0.2848350214761301
0.24871081683137847, 0.25312173088993634, 0.25607546798272063, 0.27914415467736575, 0.2848350214761301, 0.2803256495144795
0.25312173088993634, 0.25607546798272063, 0.27914415467736575, 0.2848350214761301, 0.2803256495144795, 0.2784844867266439
0.25607546798272063, 0.27914415467736575, 0.2848350214761301, 0.2803256495144795, 0.2784844867266439, 0.28018780845014946
0.27914415467736575, 0.2848350214761301, 0.2803256495144795, 0.2784844867266439, 0.28018780845014946, 0.27940999101571634
0.2848350214761301, 0.2803256495144795, 0.2784844867266439, 0.28018780845014946, 0.27940999101571634, 0.2793016873223143
0.2803256495144795, 0.2784844867266439, 0.28018780845014946, 0.27940999101571634, 0.2793016873223143, 0.2760919596814888
0.2784844867266439, 0.28018780845014946, 0.27940999101571634, 0.2793016873223143, 0.2760919596814888, 0.26102790050828883
0.28018780845014946, 0.27940999101571634, 0.2793016873223143, 0.2760919596814888, 0.26102790050828883, 0.25288543192251356
0.27940999101571634, 0.2793016873223143, 0.2760919596814888, 0.26102790050828883, 0.25288543192251356, 0.26650215992024917
0.2793016873223143, 0.2760919596814888, 0.26102790050828883, 0.25288543192251356, 0.26650215992024917, 0.26012208779983514
0.2760919596814888, 0.26102790050828883, 0.25288543192251356, 0.26650215992024917, 0.26012208779983514, 0.26388317969798036
0.26102790050828883, 0.25288543192251356, 0.26650215992024917, 0.26012208779983514, 0.26388317969798036, 0.2651237492769498
0.25288543192251356, 0.26650215992024917, 0.26012208779983514, 0.26388317969798036, 0.2651237492769498, 0.27028294339901293
0.26650215992024917, 0.26012208779983514, 0.26388317969798036, 0.2651237492769498, 0.27028294339901293, 0.2805324111109745
0.26012208779983514, 0.26388317969798036, 0.2651237492769498, 0.27028294339901293, 0.2805324111109745, 0.2800696589664382
0.26388317969798036, 0.2651237492769498, 0.27028294339901293, 0.2805324111109745, 0.2800696589664382, 0.27509753486025146
0.2651237492769498, 0.27028294339901293, 0.2805324111109745, 0.2800696589664382, 0.27509753486025146, 0.26091959681488686
0.27028294339901293, 0.2805324111109745, 0.2800696589664382, 0.27509753486025146, 0.26091959681488686, 0.2521371518590082
0.2805324111109745, 0.2800696589664382, 0.27509753486025146, 0.26091959681488686, 0.2521371518590082, 0.2524128339876681
0.2800696589664382, 0.27509753486025146, 0.26091959681488686, 0.2521371518590082, 0.2524128339876681, 0.2482283731062237
0.27509753486025146, 0.26091959681488686, 0.2521371518590082, 0.2524128339876681, 0.2482283731062237, 0.259590415123134
0.26091959681488686, 0.2521371518590082, 0.2524128339876681, 0.2482283731062237, 0.259590415123134, 0.27415233899056046
0.2521371518590082, 0.2524128339876681, 0.2482283731062237, 0.259590415123134, 0.27415233899056046, 0.28004996738581966
0.2524128339876681, 0.2482283731062237, 0.259590415123134, 0.27415233899056046, 0.28004996738581966, 0.2765350202454062
0.2482283731062237, 0.259590415123134, 0.27415233899056046, 0.28004996738581966, 0.2765350202454062, 0.25275743664849304
0.259590415123134, 0.27415233899056046, 0.28004996738581966, 0.2765350202454062, 0.25275743664849304, 0.25337772143797765
0.27415233899056046, 0.28004996738581966, 0.2765350202454062, 0.25275743664849304, 0.25337772143797765, 0.23298708970745685
0.28004996738581966, 0.2765350202454062, 0.25275743664849304, 0.25337772143797765, 0.23298708970745685, 0.2286943251326105
0.2765350202454062, 0.25275743664849304, 0.25337772143797765, 0.23298708970745685, 0.2286943251326105, 0.23284924864312706
0.25275743664849304, 0.25337772143797765, 0.23298708970745685, 0.2286943251326105, 0.23284924864312706, 0.23183513224127117
0.25337772143797765, 0.23298708970745685, 0.2286943251326105, 0.23284924864312706, 0.23183513224127117, 0.23205173962807535
0.23298708970745685, 0.2286943251326105, 0.23284924864312706, 0.23183513224127117, 0.23205173962807535, 0.24724379407529562
0.2286943251326105, 0.23284924864312706, 0.23183513224127117, 0.23205173962807535, 0.24724379407529562, 0.23406028085116862
0.23284924864312706, 0.23183513224127117, 0.23205173962807535, 0.24724379407529562, 0.23406028085116862, 0.23707309268580853
0.23183513224127117, 0.23205173962807535, 0.24724379407529562, 0.23406028085116862, 0.23707309268580853, 0.24803145730003828
0.23205173962807535, 0.24724379407529562, 0.23406028085116862, 0.23707309268580853, 0.24803145730003828, 0.21469361131281306
0.24724379407529562, 0.23406028085116862, 0.23707309268580853, 0.24803145730003828, 0.21469361131281306, 0.197936076206417
0.23406028085116862, 0.23707309268580853, 0.24803145730003828, 0.21469361131281306, 0.197936076206417, 0.20023999113878865
0.23707309268580853, 0.24803145730003828, 0.21469361131281306, 0.197936076206417, 0.20023999113878865, 0.20041721536435578
0.24803145730003828, 0.21469361131281306, 0.197936076206417, 0.20023999113878865, 0.20041721536435578, 0.1950020306942513
0.21469361131281306, 0.197936076206417, 0.20023999113878865, 0.20041721536435578, 0.1950020306942513, 0.1762556459453805
0.197936076206417, 0.20023999113878865, 0.20041721536435578, 0.1950020306942513, 0.1762556459453805, 0.17412895523857574
0.20023999113878865, 0.20041721536435578, 0.1950020306942513, 0.1762556459453805, 0.17412895523857574, 0.18057794789115492
0.20041721536435578, 0.1950020306942513, 0.1762556459453805, 0.17412895523857574, 0.18057794789115492, 0.2071714275165226
0.1950020306942513, 0.1762556459453805, 0.17412895523857574, 0.18057794789115492, 0.2071714275165226, 0.20807724022497628
0.1762556459453805, 0.17412895523857574, 0.18057794789115492, 0.2071714275165226, 0.20807724022497628, 0.21124758470456473
0.17412895523857574, 0.18057794789115492, 0.2071714275165226, 0.20807724022497628, 0.21124758470456473, 0.22908815674498184
0.18057794789115492, 0.2071714275165226, 0.20807724022497628, 0.21124758470456473, 0.22908815674498184, 0.22627226071652737
0.2071714275165226, 0.20807724022497628, 0.21124758470456473, 0.22908815674498184, 0.22627226071652737, 0.219035604839206
0.20807724022497628, 0.21124758470456473, 0.22908815674498184, 0.22627226071652737, 0.219035604839206, 0.2298561283891057
0.21124758470456473, 0.22908815674498184, 0.22627226071652737, 0.219035604839206, 0.2298561283891057, 0.23578329415529278
0.22908815674498184, 0.22627226071652737, 0.219035604839206, 0.2298561283891057, 0.23578329415529278, 0.23600974733240626
0.22627226071652737, 0.219035604839206, 0.2298561283891057, 0.23578329415529278, 0.23600974733240626, 0.22939337624456949
0.219035604839206, 0.2298561283891057, 0.23578329415529278, 0.23600974733240626, 0.22939337624456949, 0.2270205407800327
0.2298561283891057, 0.23578329415529278, 0.23600974733240626, 0.22939337624456949, 0.2270205407800327, 0.22921615201900236
0.23578329415529278, 0.23600974733240626, 0.22939337624456949, 0.2270205407800327, 0.22921615201900236, 0.23380429030312733
0.23600974733240626, 0.22939337624456949, 0.2270205407800327, 0.22921615201900236, 0.23380429030312733, 0.23787060170086022
0.22939337624456949, 0.2270205407800327, 0.22921615201900236, 0.23380429030312733, 0.23787060170086022, 0.23834319963570572
0.2270205407800327, 0.22921615201900236, 0.23380429030312733, 0.23787060170086022, 0.23834319963570572, 0.2474899388330276
0.22921615201900236, 0.23380429030312733, 0.23787060170086022, 0.23834319963570572, 0.2474899388330276, 0.24812006941282172
0.23380429030312733, 0.23787060170086022, 0.23834319963570572, 0.2474899388330276, 0.24812006941282172, 0.2392293207635411
0.23787060170086022, 0.23834319963570572, 0.2474899388330276, 0.24812006941282172, 0.2392293207635411, 0.2334498418519931
0.23834319963570572, 0.2474899388330276, 0.24812006941282172, 0.2392293207635411, 0.2334498418519931, 0.2499710779909664
0.2474899388330276, 0.24812006941282172, 0.2392293207635411, 0.2334498418519931, 0.2499710779909664, 0.266147711469115
0.24812006941282172, 0.2392293207635411, 0.2334498418519931, 0.2499710779909664, 0.266147711469115, 0.25533703370952454
0.2392293207635411, 0.2334498418519931, 0.2499710779909664, 0.266147711469115, 0.25533703370952454, 0.263095516473238
0.2334498418519931, 0.2499710779909664, 0.266147711469115, 0.25533703370952454, 0.263095516473238, 0.2497643163944717
0.2499710779909664, 0.266147711469115, 0.25533703370952454, 0.263095516473238, 0.2497643163944717, 0.24632813557653266
0.266147711469115, 0.25533703370952454, 0.263095516473238, 0.2497643163944717, 0.24632813557653266, 0.23960346079529365
0.25533703370952454, 0.263095516473238, 0.2497643163944717, 0.24632813557653266, 0.23960346079529365, 0.23790013907178806
0.263095516473238, 0.2497643163944717, 0.24632813557653266, 0.23960346079529365, 0.23790013907178806, 0.22247178565714504
0.2497643163944717, 0.24632813557653266, 0.23960346079529365, 0.23790013907178806, 0.22247178565714504, 0.24586538343199643
0.24632813557653266, 0.23960346079529365, 0.23790013907178806, 0.22247178565714504, 0.24586538343199643, 0.2815366817225211
0.23960346079529365, 0.23790013907178806, 0.22247178565714504, 0.24586538343199643, 0.2815366817225211, 0.27853371567819024
0.23790013907178806, 0.22247178565714504, 0.24586538343199643, 0.2815366817225211, 0.27853371567819024, 0.2855242267977798
0.22247178565714504, 0.24586538343199643, 0.2815366817225211, 0.27853371567819024, 0.2855242267977798, 0.2810148548361292
0.24586538343199643, 0.2815366817225211, 0.27853371567819024, 0.2855242267977798, 0.2810148548361292, 0.27634795022953007
0.2815366817225211, 0.27853371567819024, 0.2855242267977798, 0.2810148548361292, 0.27634795022953007, 0.28015827107922164
0.27853371567819024, 0.2855242267977798, 0.2810148548361292, 0.27634795022953007, 0.28015827107922164, 0.29108709832252333
0.2855242267977798, 0.2810148548361292, 0.27634795022953007, 0.28015827107922164, 0.29108709832252333, 0.29101817779035843
0.2810148548361292, 0.27634795022953007, 0.28015827107922164, 0.29108709832252333, 0.29101817779035843, 0.2896693045179871
0.27634795022953007, 0.28015827107922164, 0.29108709832252333, 0.29101817779035843, 0.2896693045179871, 0.29130370570932757
0.28015827107922164, 0.29108709832252333, 0.29101817779035843, 0.2896693045179871, 0.29130370570932757, 0.2915892336282969
0.29108709832252333, 0.29101817779035843, 0.2896693045179871, 0.29130370570932757, 0.2915892336282969, 0.2997710853753093
0.29101817779035843, 0.2896693045179871, 0.29130370570932757, 0.2915892336282969, 0.2997710853753093, 0.30473336369118675
0.2896693045179871, 0.29130370570932757, 0.2915892336282969, 0.2997710853753093, 0.30473336369118675, 0.31121189371469354
0.29130370570932757, 0.2915892336282969, 0.2997710853753093, 0.30473336369118675, 0.31121189371469354, 0.31342719653428175
0.2915892336282969, 0.2997710853753093, 0.30473336369118675, 0.31121189371469354, 0.31342719653428175, 0.313437042324591
0.2997710853753093, 0.30473336369118675, 0.31121189371469354, 0.31342719653428175, 0.313437042324591, 0.3214515156363458
0.30473336369118675, 0.31121189371469354, 0.31342719653428175, 0.313437042324591, 0.3214515156363458, 0.3187143859303657
0.31121189371469354, 0.31342719653428175, 0.313437042324591, 0.3214515156363458, 0.3187143859303657, 0.3262562613072747
0.31342719653428175, 0.313437042324591, 0.3214515156363458, 0.3187143859303657, 0.3262562613072747, 0.3204669366054177
0.313437042324591, 0.3214515156363458, 0.3187143859303657, 0.3262562613072747, 0.3204669366054177, 0.3166763073363444
0.3214515156363458, 0.3187143859303657, 0.3262562613072747, 0.3204669366054177, 0.3166763073363444, 0.3315040675421216
0.3187143859303657, 0.3262562613072747, 0.3204669366054177, 0.3166763073363444, 0.3315040675421216, 0.3143133176621171
0.3262562613072747, 0.3204669366054177, 0.3166763073363444, 0.3315040675421216, 0.3143133176621171, 0.3296530589639767
0.3204669366054177, 0.3166763073363444, 0.3315040675421216, 0.3143133176621171, 0.3296530589639767, 0.33047025955964693
0.3166763073363444, 0.3315040675421216, 0.3143133176621171, 0.3296530589639767, 0.33047025955964693, 0.32778235880521345
0.3315040675421216, 0.3143133176621171, 0.3296530589639767, 0.33047025955964693, 0.32778235880521345, 0.33619066372933926
0.3143133176621171, 0.3296530589639767, 0.33047025955964693, 0.32778235880521345, 0.33619066372933926, 0.33528485102088534
0.3296530589639767, 0.33047025955964693, 0.32778235880521345, 0.33619066372933926, 0.33528485102088534, 0.33766753227573143
0.33047025955964693, 0.32778235880521345, 0.33619066372933926, 0.33528485102088534, 0.33766753227573143, 0.3385536534035666
0.32778235880521345, 0.33619066372933926, 0.33528485102088534, 0.33766753227573143, 0.3385536534035666, 0.33958746138604123
0.33619066372933926, 0.33528485102088534, 0.33766753227573143, 0.3385536534035666, 0.33958746138604123, 0.3380219807268654
0.33528485102088534, 0.33766753227573143, 0.3385536534035666, 0.33958746138604123, 0.3380219807268654, 0.3490000369217137
0.33766753227573143, 0.3385536534035666, 0.33958746138604123, 0.3380219807268654, 0.3490000369217137, 0.3303028811243893
0.3385536534035666, 0.33958746138604123, 0.3380219807268654, 0.3490000369217137, 0.3303028811243893, 0.3209198429596446
0.33958746138604123, 0.3380219807268654, 0.3490000369217137, 0.3303028811243893, 0.3209198429596446, 0.3338965945872767
0.3380219807268654, 0.3490000369217137, 0.3303028811243893, 0.3209198429596446, 0.3338965945872767, 0.30657452647902217
0.3490000369217137, 0.3303028811243893, 0.3209198429596446, 0.3338965945872767, 0.30657452647902217, 0.31552434987015865
0.3303028811243893, 0.3209198429596446, 0.3338965945872767, 0.30657452647902217, 0.31552434987015865, 0.3342805804093387
0.3209198429596446, 0.3338965945872767, 0.30657452647902217, 0.31552434987015865, 0.3342805804093387, 0.332990781878823
0.3338965945872767, 0.30657452647902217, 0.31552434987015865, 0.3342805804093387, 0.332990781878823, 0.33645650006768985
0.30657452647902217, 0.31552434987015865, 0.3342805804093387, 0.332990781878823, 0.33645650006768985, 0.34334855328418645
0.31552434987015865, 0.3342805804093387, 0.332990781878823, 0.33645650006768985, 0.34334855328418645, 0.3577135613454272
0.3342805804093387, 0.332990781878823, 0.33645650006768985, 0.34334855328418645, 0.3577135613454272, 0.3593578083270772
0.332990781878823, 0.33645650006768985, 0.34334855328418645, 0.3577135613454272, 0.3593578083270772, 0.3621146296136758
0.33645650006768985, 0.34334855328418645, 0.3577135613454272, 0.3593578083270772, 0.3621146296136758, 0.3689279165076983
0.34334855328418645, 0.3577135613454272, 0.3593578083270772, 0.3621146296136758, 0.3689279165076983, 0.37389019482357577
0.3577135613454272, 0.3593578083270772, 0.3621146296136758, 0.3689279165076983, 0.37389019482357577, 0.3702078692479047
0.3593578083270772, 0.3621146296136758, 0.3689279165076983, 0.37389019482357577, 0.3702078692479047, 0.37221641047099796
0.3621146296136758, 0.3689279165076983, 0.37389019482357577, 0.3702078692479047, 0.37221641047099796, 0.3807920938303816
0.3689279165076983, 0.37389019482357577, 0.3702078692479047, 0.37221641047099796, 0.3807920938303816, 0.37830110888213364
0.37389019482357577, 0.3702078692479047, 0.37221641047099796, 0.3807920938303816, 0.37830110888213364, 0.3698337292161519
0.3702078692479047, 0.37221641047099796, 0.3807920938303816, 0.37830110888213364, 0.3698337292161519, 0.3661317120598623
0.37221641047099796, 0.3807920938303816, 0.37830110888213364, 0.3698337292161519, 0.3661317120598623, 0.37634179661058675
0.3807920938303816, 0.37830110888213364, 0.3698337292161519, 0.3661317120598623, 0.37634179661058675, 0.36363088132130506
0.37830110888213364, 0.3698337292161519, 0.3661317120598623, 0.37634179661058675, 0.36363088132130506, 0.3745498627742977
0.3698337292161519, 0.3661317120598623, 0.37634179661058675, 0.36363088132130506, 0.3745498627742977, 0.36943005181347155
0.3661317120598623, 0.37634179661058675, 0.36363088132130506, 0.3745498627742977, 0.36943005181347155, 0.3813237665070828
0.37634179661058675, 0.36363088132130506, 0.3745498627742977, 0.36943005181347155, 0.3813237665070828, 0.38041795379862886
0.36363088132130506, 0.3745498627742977, 0.36943005181347155, 0.3813237665070828, 0.38041795379862886, 0.3866601848547131
0.3745498627742977, 0.36943005181347155, 0.3813237665070828, 0.38041795379862886, 0.3866601848547131, 0.3797484400575979
0.36943005181347155, 0.3813237665070828, 0.38041795379862886, 0.3866601848547131, 0.3797484400575979, 0.3877038386274968
0.3813237665070828, 0.38041795379862886, 0.3866601848547131, 0.3797484400575979, 0.3877038386274968, 0.3713992098753277
0.38041795379862886, 0.3866601848547131, 0.3797484400575979, 0.3877038386274968, 0.3713992098753277, 0.37759221197986537
0.3866601848547131, 0.3797484400575979, 0.3877038386274968, 0.3713992098753277, 0.37759221197986537, 0.37099553247264716
0.3797484400575979, 0.3877038386274968, 0.3713992098753277, 0.37759221197986537, 0.37099553247264716, 0.38063456118543304
0.3877038386274968, 0.3713992098753277, 0.37759221197986537, 0.37099553247264716, 0.38063456118543304, 0.3860891290167746
0.3713992098753277, 0.37759221197986537, 0.37099553247264716, 0.38063456118543304, 0.3860891290167746, 0.4049142800881198
0.37759221197986537, 0.37099553247264716, 0.38063456118543304, 0.3860891290167746, 0.4049142800881198, 0.4104673058225541
0.37099553247264716, 0.38063456118543304, 0.3860891290167746, 0.4049142800881198, 0.4104673058225541, 0.40601700860275913
0.38063456118543304, 0.3860891290167746, 0.4049142800881198, 0.4104673058225541, 0.40601700860275913, 0.37008971976419325
0.3860891290167746, 0.4049142800881198, 0.4104673058225541, 0.40601700860275913, 0.37008971976419325, 0.3919572200411061
0.4049142800881198, 0.4104673058225541, 0.40601700860275913, 0.37008971976419325, 0.3919572200411061, 0.36974511710336844
0.4104673058225541, 0.40601700860275913, 0.37008971976419325, 0.3919572200411061, 0.36974511710336844, 0.35950549518171626
0.40601700860275913, 0.37008971976419325, 0.3919572200411061, 0.36974511710336844, 0.35950549518171626, 0.3729351531635755
0.37008971976419325, 0.3919572200411061, 0.36974511710336844, 0.35950549518171626, 0.3729351531635755, 0.38007335113780416
0.3919572200411061, 0.36974511710336844, 0.35950549518171626, 0.3729351531635755, 0.38007335113780416, 0.39610229776131345
0.36974511710336844, 0.35950549518171626, 0.3729351531635755, 0.38007335113780416, 0.39610229776131345, 0.3961121435516227
0.35950549518171626, 0.3729351531635755, 0.38007335113780416, 0.39610229776131345, 0.3961121435516227, 0.40238391197863466
0.3729351531635755, 0.38007335113780416, 0.39610229776131345, 0.3961121435516227, 0.40238391197863466, 0.3995089412083246
0.38007335113780416, 0.39610229776131345, 0.3961121435516227, 0.40238391197863466, 0.3995089412083246, 0.4107036047899769
0.39610229776131345, 0.3961121435516227, 0.40238391197863466, 0.3995089412083246, 0.4107036047899769, 0.41460253775245215
0.3961121435516227, 0.40238391197863466, 0.3995089412083246, 0.4107036047899769, 0.41460253775245215, 0.3999618475625516
0.40238391197863466, 0.3995089412083246, 0.4107036047899769, 0.41460253775245215, 0.3999618475625516, 0.4146222293330707
0.3995089412083246, 0.4107036047899769, 0.41460253775245215, 0.3999618475625516, 0.4146222293330707, 0.43119269442359054
0.4107036047899769, 0.41460253775245215, 0.3999618475625516, 0.4146222293330707, 0.43119269442359054, 0.43422519783884905
0.41460253775245215, 0.3999618475625516, 0.4146222293330707, 0.43119269442359054, 0.43422519783884905, 0.4425547364405007
0.3999618475625516, 0.4146222293330707, 0.43119269442359054, 0.43422519783884905, 0.4425547364405007, 0.4491809533186467
0.4146222293330707, 0.43119269442359054, 0.43422519783884905, 0.4425547364405007, 0.4491809533186467, 0.4432537875524597
0.43119269442359054, 0.43422519783884905, 0.4425547364405007, 0.4491809533186467, 0.4432537875524597, 0.45017537813988406
0.43422519783884905, 0.4425547364405007, 0.4491809533186467, 0.4432537875524597, 0.45017537813988406, 0.45024429867204896
0.4425547364405007, 0.4491809533186467, 0.4432537875524597, 0.45017537813988406, 0.45024429867204896, 0.4665587732145273
0.4491809533186467, 0.4432537875524597, 0.45017537813988406, 0.45024429867204896, 0.4665587732145273, 0.4748686202355604
0.4432537875524597, 0.45017537813988406, 0.45024429867204896, 0.4665587732145273, 0.4748686202355604, 0.4666867684885482
0.45017537813988406, 0.45024429867204896, 0.4665587732145273, 0.4748686202355604, 0.4666867684885482, 0.4834246120143256
0.45024429867204896, 0.4665587732145273, 0.4748686202355604, 0.4666867684885482, 0.4834246120143256, 0.48226280875783045
0.4665587732145273, 0.4748686202355604, 0.4666867684885482, 0.4834246120143256, 0.48226280875783045, 0.48508855057659417
0.4748686202355604, 0.4666867684885482, 0.4834246120143256, 0.48226280875783045, 0.48508855057659417, 0.4714915141594771
0.4666867684885482, 0.4834246120143256, 0.48226280875783045, 0.48508855057659417, 0.4714915141594771, 0.46672615164978526
0.4834246120143256, 0.48226280875783045, 0.48508855057659417, 0.4714915141594771, 0.46672615164978526, 0.4658301847316405
0.48226280875783045, 0.48508855057659417, 0.4714915141594771, 0.46672615164978526, 0.4658301847316405, 0.4761288813951484
0.48508855057659417, 0.4714915141594771, 0.46672615164978526, 0.4658301847316405, 0.4761288813951484, 0.4646093067332897
0.4714915141594771, 0.46672615164978526, 0.4658301847316405, 0.4761288813951484, 0.4646093067332897, 0.47056600987040487
0.46672615164978526, 0.4658301847316405, 0.4761288813951484, 0.4646093067332897, 0.47056600987040487, 0.4472610242083369
0.4658301847316405, 0.4761288813951484, 0.4646093067332897, 0.47056600987040487, 0.4472610242083369, 0.4567917492277208
0.4761288813951484, 0.4646093067332897, 0.47056600987040487, 0.4472610242083369, 0.4567917492277208, 0.447891154788131
0.4646093067332897, 0.47056600987040487, 0.4472610242083369, 0.4567917492277208, 0.447891154788131, 0.4257578181728675
0.47056600987040487, 0.4472610242083369, 0.4567917492277208, 0.447891154788131, 0.4257578181728675, 0.43920716773534507
0.4472610242083369, 0.4567917492277208, 0.447891154788131, 0.4257578181728675, 0.43920716773534507, 0.4597061031592681
0.4567917492277208, 0.447891154788131, 0.4257578181728675, 0.43920716773534507, 0.4597061031592681, 0.45914489311163886
0.447891154788131, 0.4257578181728675, 0.43920716773534507, 0.4597061031592681, 0.45914489311163886, 0.4427221148757585
0.4257578181728675, 0.43920716773534507, 0.4597061031592681, 0.45914489311163886, 0.4427221148757585, 0.4293219942648271
0.43920716773534507, 0.4597061031592681, 0.45914489311163886, 0.4427221148757585, 0.4293219942648271, 0.45279435836215265
0.4597061031592681, 0.45914489311163886, 0.4427221148757585, 0.4293219942648271, 0.45279435836215265, 0.4433128622943153
0.45914489311163886, 0.4427221148757585, 0.4293219942648271, 0.45279435836215265, 0.4433128622943153, 0.45543303016504
0.4427221148757585, 0.4293219942648271, 0.45279435836215265, 0.4433128622943153, 0.45543303016504, 0.4680061043899917
0.4293219942648271, 0.45279435836215265, 0.4433128622943153, 0.45543303016504, 0.4680061043899917, 0.4454789361623571
0.45279435836215265, 0.4433128622943153, 0.45543303016504, 0.4680061043899917, 0.4454789361623571, 0.4053671864423468
0.4433128622943153, 0.45543303016504, 0.4680061043899917, 0.4454789361623571, 0.4053671864423468, 0.40954180153348185
0.45543303016504, 0.4680061043899917, 0.4454789361623571, 0.4053671864423468, 0.40954180153348185, 0.3905000430753325
0.4680061043899917, 0.4454789361623571, 0.4053671864423468, 0.40954180153348185, 0.3905000430753325, 0.40520965379739826
0.4454789361623571, 0.4053671864423468, 0.40954180153348185, 0.3905000430753325, 0.40520965379739826, 0.420204792438433
0.4053671864423468, 0.40954180153348185, 0.3905000430753325, 0.40520965379739826, 0.420204792438433, 0.4299915080058583
0.40954180153348185, 0.3905000430753325, 0.40520965379739826, 0.420204792438433, 0.4299915080058583, 0.4231782211118358
0.3905000430753325, 0.40520965379739826, 0.420204792438433, 0.4299915080058583, 0.4231782211118358, 0.4317243671002917
0.40520965379739826, 0.420204792438433, 0.4299915080058583, 0.4231782211118358, 0.4317243671002917, 0.4308579375530749
0.420204792438433, 0.4299915080058583, 0.4231782211118358, 0.4317243671002917, 0.4308579375530749, 0.43216742766420935
0.4299915080058583, 0.4231782211118358, 0.4317243671002917, 0.4308579375530749, 0.43216742766420935, 0.4483932900939043
0.4231782211118358, 0.4317243671002917, 0.4308579375530749, 0.43216742766420935, 0.4483932900939043, 0.4568311323889579
0.4317243671002917, 0.4308579375530749, 0.43216742766420935, 0.4483932900939043, 0.4568311323889579, 0.46850823969576505
0.4308579375530749, 0.43216742766420935, 0.4483932900939043, 0.4568311323889579, 0.46850823969576505, 0.4688036134050434
0.43216742766420935, 0.4483932900939043, 0.4568311323889579, 0.46850823969576505, 0.4688036134050434, 0.49085818369783263
0.4483932900939043, 0.4568311323889579, 0.46850823969576505, 0.4688036134050434, 0.49085818369783263, 0.49594845728773096
0.4568311323889579, 0.46850823969576505, 0.4688036134050434, 0.49085818369783263, 0.49594845728773096, 0.49822283484917473
0.46850823969576505, 0.4688036134050434, 0.49085818369783263, 0.49594845728773096, 0.49822283484917473, 0.49207906169618354
0.4688036134050434, 0.49085818369783263, 0.49594845728773096, 0.49822283484917473, 0.49207906169618354, 0.4966573541899991
0.49085818369783263, 0.49594845728773096, 0.49822283484917473, 0.49207906169618354, 0.4966573541899991, 0.5049868927916507
0.49594845728773096, 0.49822283484917473, 0.49207906169618354, 0.4966573541899991, 0.5049868927916507, 0.5076649477557751
0.49822283484917473, 0.49207906169618354, 0.4966573541899991, 0.5049868927916507, 0.5076649477557751, 0.5110518996221678
0.49207906169618354, 0.4966573541899991, 0.5049868927916507, 0.5076649477557751, 0.5110518996221678, 0.5079603214650537
0.4966573541899991, 0.5049868927916507, 0.5076649477557751, 0.5110518996221678, 0.5079603214650537, 0.5016097867155674
0.5049868927916507, 0.5076649477557751, 0.5110518996221678, 0.5079603214650537, 0.5016097867155674, 0.5058533223388675
0.5076649477557751, 0.5110518996221678, 0.5079603214650537, 0.5016097867155674, 0.5058533223388675, 0.5072317329821668
0.5110518996221678, 0.5079603214650537, 0.5016097867155674, 0.5058533223388675, 0.5072317329821668, 0.5010091935067011
0.5079603214650537, 0.5016097867155674, 0.5058533223388675, 0.5072317329821668, 0.5010091935067011, 0.501629478296186
0.5016097867155674, 0.5058533223388675, 0.5072317329821668, 0.5010091935067011, 0.501629478296186, 0.5014030251190725
0.5058533223388675, 0.5072317329821668, 0.5010091935067011, 0.501629478296186, 0.5014030251190725, 0.5222170258328921
0.5072317329821668, 0.5010091935067011, 0.501629478296186, 0.5014030251190725, 0.5222170258328921, 0.524973847119491
0.5010091935067011, 0.501629478296186, 0.5014030251190725, 0.5222170258328921, 0.524973847119491, 0.522482862171243
0.501629478296186, 0.5014030251190725, 0.5222170258328921, 0.524973847119491, 0.522482862171243, 0.5128635250390753
0.5014030251190725, 0.5222170258328921, 0.524973847119491, 0.522482862171243, 0.5128635250390753, 0.50650314449928
0.5222170258328921, 0.524973847119491, 0.522482862171243, 0.5128635250390753, 0.50650314449928, 0.5129718287324775
0.524973847119491, 0.522482862171243, 0.5128635250390753, 0.50650314449928, 0.5129718287324775, 0.5070052798050534
0.522482862171243, 0.5128635250390753, 0.50650314449928, 0.5129718287324775, 0.5070052798050534, 0.5050853506947436
0.5128635250390753, 0.50650314449928, 0.5129718287324775, 0.5070052798050534, 0.5050853506947436, 0.5097030263497964
0.50650314449928, 0.5129718287324775, 0.5070052798050534, 0.5050853506947436, 0.5097030263497964, 0.5010682682485571
0.5129718287324775, 0.5070052798050534, 0.5050853506947436, 0.5097030263497964, 0.5010682682485571, 0.47736945097411776
0.5070052798050534, 0.5050853506947436, 0.5097030263497964, 0.5010682682485571, 0.47736945097411776, 0.47196411209432254
0.5050853506947436, 0.5097030263497964, 0.5010682682485571, 0.47736945097411776, 0.47196411209432254, 0.4623447749621552
0.5097030263497964, 0.5010682682485571, 0.47736945097411776, 0.47196411209432254, 0.4623447749621552, 0.46853777706669286
0.5010682682485571, 0.47736945097411776, 0.47196411209432254, 0.4623447749621552, 0.46853777706669286, 0.4591350473213296
0.47736945097411776, 0.47196411209432254, 0.4623447749621552, 0.46853777706669286, 0.4591350473213296, 0.47307668639927136
0.47196411209432254, 0.4623447749621552, 0.46853777706669286, 0.4591350473213296, 0.47307668639927136, 0.4795158332615411
0.4623447749621552, 0.46853777706669286, 0.4591350473213296, 0.47307668639927136, 0.4795158332615411, 0.47289946217370427
0.46853777706669286, 0.4591350473213296, 0.47307668639927136, 0.4795158332615411, 0.47289946217370427, 0.44700503366029565
0.4591350473213296, 0.47307668639927136, 0.4795158332615411, 0.47289946217370427, 0.44700503366029565, 0.4514159477188534
0.47307668639927136, 0.4795158332615411, 0.47289946217370427, 0.44700503366029565, 0.4514159477188534, 0.45457644640813266
0.4795158332615411, 0.47289946217370427, 0.44700503366029565, 0.4514159477188534, 0.45457644640813266, 0.4494566354473065
0.47289946217370427, 0.44700503366029565, 0.4514159477188534, 0.45457644640813266, 0.4494566354473065, 0.45615177285761754
0.44700503366029565, 0.4514159477188534, 0.45457644640813266, 0.4494566354473065, 0.45615177285761754, 0.4692565197592703
0.4514159477188534, 0.45457644640813266, 0.4494566354473065, 0.45615177285761754, 0.4692565197592703, 0.47122567782112645
0.45457644640813266, 0.4494566354473065, 0.45615177285761754, 0.4692565197592703, 0.47122567782112645, 0.4713142899339101
0.4494566354473065, 0.45615177285761754, 0.4692565197592703, 0.47122567782112645, 0.4713142899339101, 0.48759922710546066
0.45615177285761754, 0.4692565197592703, 0.47122567782112645, 0.4713142899339101, 0.48759922710546066, 0.49968985760525764
0.4692565197592703, 0.47122567782112645, 0.4713142899339101, 0.48759922710546066, 0.49968985760525764, 0.504750593824228
0.47122567782112645, 0.4713142899339101, 0.48759922710546066, 0.49968985760525764, 0.504750593824228, 0.49912864755762865
0.4713142899339101, 0.48759922710546066, 0.49968985760525764, 0.504750593824228, 0.49912864755762865, 0.50362817372897
0.48759922710546066, 0.49968985760525764, 0.504750593824228, 0.49912864755762865, 0.50362817372897, 0.5130899782161887
0.49968985760525764, 0.504750593824228, 0.49912864755762865, 0.50362817372897, 0.5130899782161887, 0.5201395640776341
0.504750593824228, 0.49912864755762865, 0.50362817372897, 0.5130899782161887, 0.5201395640776341, 0.5405794247597011
0.49912864755762865, 0.50362817372897, 0.5130899782161887, 0.5201395640776341, 0.5405794247597011, 0.5374484634413497
0.50362817372897, 0.5130899782161887, 0.5201395640776341, 0.5405794247597011, 0.5374484634413497, 0.5252101460869137
0.5130899782161887, 0.5201395640776341, 0.5405794247597011, 0.5374484634413497, 0.5252101460869137, 0.517264593307324
0.5201395640776341, 0.5405794247597011, 0.5374484634413497, 0.5252101460869137, 0.517264593307324, 0.5129127539906219
0.5405794247597011, 0.5374484634413497, 0.5252101460869137, 0.517264593307324, 0.5129127539906219, 0.5083344614968062
0.5374484634413497, 0.5252101460869137, 0.517264593307324, 0.5129127539906219, 0.5083344614968062, 0.514143477779282
0.5252101460869137, 0.517264593307324, 0.5129127539906219, 0.5083344614968062, 0.514143477779282, 0.5073301908852595
0.517264593307324, 0.5129127539906219, 0.5083344614968062, 0.514143477779282, 0.5073301908852595, 0.497287484769793
0.5129127539906219, 0.5083344614968062, 0.514143477779282, 0.5073301908852595, 0.497287484769793, 0.5105300727357759
0.5083344614968062, 0.514143477779282, 0.5073301908852595, 0.497287484769793, 0.5105300727357759, 0.5094174984308271
0.514143477779282, 0.5073301908852595, 0.497287484769793, 0.5105300727357759, 0.5094174984308271, 0.494442051370411
0.5073301908852595, 0.497287484769793, 0.5105300727357759, 0.5094174984308271, 0.494442051370411, 0.5060994670965995
0.497287484769793, 0.5105300727357759, 0.5094174984308271, 0.494442051370411, 0.5060994670965995, 0.4919412206318534
0.5105300727357759, 0.5094174984308271, 0.494442051370411, 0.5060994670965995, 0.4919412206318534, 0.47158997206257003
0.5094174984308271, 0.494442051370411, 0.5060994670965995, 0.4919412206318534, 0.47158997206257003, 0.47252532214195175
0.494442051370411, 0.5060994670965995, 0.4919412206318534, 0.47158997206257003, 0.47252532214195175, 0.5081276999003113
0.5060994670965995, 0.4919412206318534, 0.47158997206257003, 0.47252532214195175, 0.5081276999003113, 0.5186036207893862
0.4919412206318534, 0.47158997206257003, 0.47252532214195175, 0.5081276999003113, 0.5186036207893862, 0.5254365992640272
0.47158997206257003, 0.47252532214195175, 0.5081276999003113, 0.5186036207893862, 0.5254365992640272, 0.5135428845704157
0.47252532214195175, 0.5081276999003113, 0.5186036207893862, 0.5254365992640272, 0.5135428845704157, 0.5366608002166073
0.5081276999003113, 0.5186036207893862, 0.5254365992640272, 0.5135428845704157, 0.5366608002166073, 0.5480917627656825
0.5186036207893862, 0.5254365992640272, 0.5135428845704157, 0.5366608002166073, 0.5480917627656825, 0.5592667347667163
0.5254365992640272, 0.5135428845704157, 0.5366608002166073, 0.5480917627656825, 0.5592667347667163, 0.5594242674116648
0.5135428845704157, 0.5366608002166073, 0.5480917627656825, 0.5592667347667163, 0.5594242674116648, 0.5692799035112549
0.5366608002166073, 0.5480917627656825, 0.5592667347667163, 0.5594242674116648, 0.5692799035112549, 0.5611177433448612
0.5480917627656825, 0.5592667347667163, 0.5594242674116648, 0.5692799035112549, 0.5611177433448612, 0.5667199980308418
0.5592667347667163, 0.5594242674116648, 0.5692799035112549, 0.5611177433448612, 0.5667199980308418, 0.5743012565689881
0.5594242674116648, 0.5692799035112549, 0.5611177433448612, 0.5667199980308418, 0.5743012565689881, 0.5766051715013598
0.5692799035112549, 0.5611177433448612, 0.5667199980308418, 0.5743012565689881, 0.5766051715013598, 0.5862934291656923
0.5611177433448612, 0.5667199980308418, 0.5743012565689881, 0.5766051715013598, 0.5862934291656923, 0.5777866663384735
0.5667199980308418, 0.5743012565689881, 0.5766051715013598, 0.5862934291656923, 0.5777866663384735, 0.5711210662990903
0.5743012565689881, 0.5766051715013598, 0.5862934291656923, 0.5777866663384735, 0.5711210662990903, 0.5761424193568238
0.5766051715013598, 0.5862934291656923, 0.5777866663384735, 0.5711210662990903, 0.5761424193568238, 0.5823354214613614
0.5862934291656923, 0.5777866663384735, 0.5711210662990903, 0.5761424193568238, 0.5823354214613614, 0.5774519094679581
0.5777866663384735, 0.5711210662990903, 0.5761424193568238, 0.5823354214613614, 0.5774519094679581, 0.5848559437805373
0.5711210662990903, 0.5761424193568238, 0.5823354214613614, 0.5774519094679581, 0.5848559437805373, 0.5618758691986757
0.5761424193568238, 0.5823354214613614, 0.5774519094679581, 0.5848559437805373, 0.5618758691986757, 0.5849740932642485
0.5823354214613614, 0.5774519094679581, 0.5848559437805373, 0.5618758691986757, 0.5849740932642485, 0.5862343544238366
0.5774519094679581, 0.5848559437805373, 0.5618758691986757, 0.5849740932642485, 0.5862343544238366, 0.5820991224939387
0.5848559437805373, 0.5618758691986757, 0.5849740932642485, 0.5862343544238366, 0.5820991224939387, 0.5961884484265195
0.5618758691986757, 0.5849740932642485, 0.5862343544238366, 0.5820991224939387, 0.5961884484265195, 0.6046755196731196
0.5849740932642485, 0.5862343544238366, 0.5820991224939387, 0.5961884484265195, 0.6046755196731196, 0.6121189371469361
0.5862343544238366, 0.5820991224939387, 0.5961884484265195, 0.6046755196731196, 0.6121189371469361, 0.6055714865912643
0.5820991224939387, 0.5961884484265195, 0.6046755196731196, 0.6121189371469361, 0.6055714865912643, 0.6019679273380674
0.5961884484265195, 0.6046755196731196, 0.6121189371469361, 0.6055714865912643, 0.6019679273380674, 0.5955681636370348
0.6046755196731196, 0.6121189371469361, 0.6055714865912643, 0.6019679273380674, 0.5955681636370348, 0.6098248680048735
0.6121189371469361, 0.6055714865912643, 0.6019679273380674, 0.5955681636370348, 0.6098248680048735, 0.6185974671704428
0.6055714865912643, 0.6019679273380674, 0.5955681636370348, 0.6098248680048735, 0.6185974671704428, 0.6163526269799269
0.6019679273380674, 0.5955681636370348, 0.6098248680048735, 0.6185974671704428, 0.6163526269799269, 0.6166184633182774
0.5955681636370348, 0.6098248680048735, 0.6185974671704428, 0.6163526269799269, 0.6166184633182774, 0.6210293773768353
0.6098248680048735, 0.6185974671704428, 0.6163526269799269, 0.6166184633182774, 0.6210293773768353, 0.6196312751529173
0.6185974671704428, 0.6163526269799269, 0.6166184633182774, 0.6210293773768353, 0.6196312751529173, 0.6147969921110605
0.6163526269799269, 0.6166184633182774, 0.6210293773768353, 0.6196312751529173, 0.6147969921110605, 0.6091356626832239
0.6166184633182774, 0.6210293773768353, 0.6196312751529173, 0.6147969921110605, 0.6091356626832239, 0.6068317477508521
0.6210293773768353, 0.6196312751529173, 0.6147969921110605, 0.6091356626832239, 0.6068317477508521, 0.5991717228902317
0.6196312751529173, 0.6147969921110605, 0.6091356626832239, 0.6068317477508521, 0.5991717228902317, 0.618922378250649
0.6147969921110605, 0.6091356626832239, 0.6068317477508521, 0.5991717228902317, 0.618922378250649, 0.6221517974720931
0.6091356626832239, 0.6068317477508521, 0.5991717228902317, 0.618922378250649, 0.6221517974720931, 0.6164904680442567
0.6068317477508521, 0.5991717228902317, 0.618922378250649, 0.6221517974720931, 0.6164904680442567, 0.5964050558133238
0.5991717228902317, 0.618922378250649, 0.6221517974720931, 0.6164904680442567, 0.5964050558133238, 0.589788684725487
0.618922378250649, 0.6221517974720931, 0.6164904680442567, 0.5964050558133238, 0.589788684725487, 0.5896114604999199
0.6221517974720931, 0.6164904680442567, 0.5964050558133238, 0.589788684725487, 0.5896114604999199, 0.600658437226933
0.6164904680442567, 0.5964050558133238, 0.589788684725487, 0.5896114604999199, 0.600658437226933, 0.5952038693955916
0.5964050558133238, 0.589788684725487, 0.5896114604999199, 0.600658437226933, 0.5952038693955916, 0.6243966376626093
0.589788684725487, 0.5896114604999199, 0.600658437226933, 0.5952038693955916, 0.6243966376626093, 0.6233628296801348
0.5896114604999199, 0.600658437226933, 0.5952038693955916, 0.6243966376626093, 0.6233628296801348, 0.6319483588298277
0.600658437226933, 0.5952038693955916, 0.6243966376626093, 0.6233628296801348, 0.6319483588298277, 0.6414692380589024
0.5952038693955916, 0.6243966376626093, 0.6233628296801348, 0.6319483588298277, 0.6414692380589024, 0.646717044293749
0.6243966376626093, 0.6233628296801348, 0.6319483588298277, 0.6414692380589024, 0.646717044293749, 0.6552828818628235
0.6233628296801348, 0.6319483588298277, 0.6414692380589024, 0.646717044293749, 0.6552828818628235, 0.6546724428636481
0.6319483588298277, 0.6414692380589024, 0.646717044293749, 0.6552828818628235, 0.6546724428636481, 0.6543475317834416
0.6414692380589024, 0.646717044293749, 0.6552828818628235, 0.6546724428636481, 0.6543475317834416, 0.6615251129189075
0.646717044293749, 0.6552828818628235, 0.6546724428636481, 0.6543475317834416, 0.6615251129189075, 0.6453977083923055
0.6552828818628235, 0.6546724428636481, 0.6543475317834416, 0.6615251129189075, 0.6453977083923055, 0.6447971151834392
0.6546724428636481, 0.6543475317834416, 0.6615251129189075, 0.6453977083923055, 0.6447971151834392, 0.6402680516411701
0.6543475317834416, 0.6615251129189075, 0.6453977083923055, 0.6447971151834392, 0.6402680516411701, 0.6512067246747812
0.6615251129189075, 0.6453977083923055, 0.6447971151834392, 0.6402680516411701, 0.6512067246747812, 0.6508227388527191
0.6453977083923055, 0.6447971151834392, 0.6402680516411701, 0.6512067246747812, 0.6508227388527191, 0.6514528694325132
0.6447971151834392, 0.6402680516411701, 0.6512067246747812, 0.6508227388527191, 0.6514528694325132, 0.6556274845236482
0.6402680516411701, 0.6512067246747812, 0.6508227388527191, 0.6514528694325132, 0.6556274845236482, 0.6328147883770445
0.6512067246747812, 0.6508227388527191, 0.6514528694325132, 0.6556274845236482, 0.6328147883770445, 0.6521913037057093
0.6508227388527191, 0.6514528694325132, 0.6556274845236482, 0.6328147883770445, 0.6521913037057093, 0.6615448044995261
0.6514528694325132, 0.6556274845236482, 0.6328147883770445, 0.6521913037057093, 0.6615448044995261, 0.6590932027125153
0.6556274845236482, 0.6328147883770445, 0.6521913037057093, 0.6615448044995261, 0.6590932027125153, 0.6520140794801422
0.6328147883770445, 0.6521913037057093, 0.6615448044995261, 0.6590932027125153, 0.6520140794801422, 0.6570354325378754
0.6521913037057093, 0.6615448044995261, 0.6590932027125153, 0.6520140794801422, 0.6570354325378754, 0.6580790863106591
0.6615448044995261, 0.6590932027125153, 0.6520140794801422, 0.6570354325378754, 0.6580790863106591, 0.6419319902034386
0.6590932027125153, 0.6520140794801422, 0.6570354325378754, 0.6580790863106591, 0.6419319902034386, 0.6043506085929133
0.6520140794801422, 0.6570354325378754, 0.6580790863106591, 0.6419319902034386, 0.6043506085929133, 0.5957552336529112
0.6570354325378754, 0.6580790863106591, 0.6419319902034386, 0.6043506085929133, 0.5957552336529112, 0.6065265282512644
0.6580790863106591, 0.6419319902034386, 0.6043506085929133, 0.5957552336529112, 0.6065265282512644, 0.5885087319852805
0.6419319902034386, 0.6043506085929133, 0.5957552336529112, 0.6065265282512644, 0.5885087319852805, 0.608190466813533
0.6043506085929133, 0.5957552336529112, 0.6065265282512644, 0.5885087319852805, 0.608190466813533, 0.5967693500547671
0.5957552336529112, 0.6065265282512644, 0.5885087319852805, 0.608190466813533, 0.5967693500547671, 0.5566969834959941
0.6065265282512644, 0.5885087319852805, 0.608190466813533, 0.5967693500547671, 0.5566969834959941, 0.5698017303976468
0.5885087319852805, 0.608190466813533, 0.5967693500547671, 0.5566969834959941, 0.5698017303976468, 0.5662966290475429
0.608190466813533, 0.5967693500547671, 0.5566969834959941, 0.5698017303976468, 0.5662966290475429, 0.5877506061314659
0.5967693500547671, 0.5566969834959941, 0.5698017303976468, 0.5662966290475429, 0.5877506061314659, 0.6109768254710594
0.5566969834959941, 0.5698017303976468, 0.5662966290475429, 0.5877506061314659, 0.6109768254710594, 0.6137533383382766
0.5698017303976468, 0.5662966290475429, 0.5877506061314659, 0.6109768254710594, 0.6137533383382766, 0.6333563068440549
0.5662966290475429, 0.5877506061314659, 0.6109768254710594, 0.6137533383382766, 0.6333563068440549, 0.6328738631189001
0.5877506061314659, 0.6109768254710594, 0.6137533383382766, 0.6333563068440549, 0.6328738631189001, 0.64328086347581
0.6109768254710594, 0.6137533383382766, 0.6333563068440549, 0.6328738631189001, 0.64328086347581, 0.6519451589479773
0.6137533383382766, 0.6333563068440549, 0.6328738631189001, 0.64328086347581, 0.6519451589479773, 0.654042312283854
0.6333563068440549, 0.6328738631189001, 0.64328086347581, 0.6519451589479773, 0.654042312283854, 0.6422175181224077
0.6328738631189001, 0.64328086347581, 0.6519451589479773, 0.654042312283854, 0.6422175181224077, 0.6530774248335445
0.64328086347581, 0.6519451589479773, 0.654042312283854, 0.6422175181224077, 0.6530774248335445, 0.6496018608543683
0.6519451589479773, 0.654042312283854, 0.6422175181224077, 0.6530774248335445, 0.6496018608543683, 0.6607866786457113
0.654042312283854, 0.6422175181224077, 0.6530774248335445, 0.6496018608543683, 0.6607866786457113, 0.6583350768587004
0.6422175181224077, 0.6530774248335445, 0.6496018608543683, 0.6607866786457113, 0.6583350768587004, 0.6583744600199377
0.6530774248335445, 0.6496018608543683, 0.6607866786457113, 0.6583350768587004, 0.6583744600199377, 0.667363666572311
0.6496018608543683, 0.6607866786457113, 0.6583350768587004, 0.6583744600199377, 0.667363666572311, 0.6724440943719
0.6607866786457113, 0.6583350768587004, 0.6583744600199377, 0.667363666572311, 0.6724440943719, 0.6589356700675666
0.6583350768587004, 0.6583744600199377, 0.667363666572311, 0.6724440943719, 0.6589356700675666, 0.6866811071591202
0.6583744600199377, 0.667363666572311, 0.6724440943719, 0.6589356700675666, 0.6866811071591202, 0.6865826492560273
0.667363666572311, 0.6724440943719, 0.6589356700675666, 0.6866811071591202, 0.6865826492560273, 0.6897529937356157
0.6724440943719, 0.6589356700675666, 0.6866811071591202, 0.6865826492560273, 0.6897529937356157, 0.6907474185568532
0.6589356700675666, 0.6866811071591202, 0.6865826492560273, 0.6897529937356157, 0.6907474185568532, 0.6898908347999458
0.6866811071591202, 0.6865826492560273, 0.6897529937356157, 0.6907474185568532, 0.6898908347999458, 0.6804979508448918
0.6865826492560273, 0.6897529937356157, 0.6907474185568532, 0.6898908347999458, 0.6804979508448918, 0.6810591608925208
0.6897529937356157, 0.6907474185568532, 0.6898908347999458, 0.6804979508448918, 0.6810591608925208, 0.6595362632764327
0.6907474185568532, 0.6898908347999458, 0.6804979508448918, 0.6810591608925208, 0.6595362632764327, 0.6544066065252976
0.6898908347999458, 0.6804979508448918, 0.6810591608925208, 0.6595362632764327, 0.6544066065252976, 0.6718336553727245
0.6804979508448918, 0.6810591608925208, 0.6595362632764327, 0.6544066065252976, 0.6718336553727245, 0.6850467059677795
0.6810591608925208, 0.6595362632764327, 0.6544066065252976, 0.6718336553727245, 0.6850467059677795, 0.6737437386927251
0.6595362632764327, 0.6544066065252976, 0.6718336553727245, 0.6850467059677795, 0.6737437386927251, 0.6848104070003568
0.6544066065252976, 0.6718336553727245, 0.6850467059677795, 0.6737437386927251, 0.6848104070003568, 0.6794050681205616
0.6718336553727245, 0.6850467059677795, 0.6737437386927251, 0.6848104070003568, 0.6794050681205616, 0.6704650905197347
0.6850467059677795, 0.6737437386927251, 0.6848104070003568, 0.6794050681205616, 0.6704650905197347, 0.6785189469927262
0.6737437386927251, 0.6848104070003568, 0.6794050681205616, 0.6704650905197347, 0.6785189469927262, 0.6656603448488054
0.6848104070003568, 0.6794050681205616, 0.6704650905197347, 0.6785189469927262, 0.6656603448488054, 0.6621946266599386
0.6794050681205616, 0.6704650905197347, 0.6785189469927262, 0.6656603448488054, 0.6621946266599386, 0.6706423147453016
0.6704650905197347, 0.6785189469927262, 0.6656603448488054, 0.6621946266599386, 0.6706423147453016, 0.6851353180805629
0.6785189469927262, 0.6656603448488054, 0.6621946266599386, 0.6706423147453016, 0.6851353180805629, 0.6981120697081953
0.6656603448488054, 0.6621946266599386, 0.6706423147453016, 0.6851353180805629, 0.6981120697081953, 0.7034091048945885
0.6621946266599386, 0.6706423147453016, 0.6851353180805629, 0.6981120697081953, 0.7034091048945885, 0.7013119515587116
0.6706423147453016, 0.6851353180805629, 0.6981120697081953, 0.7034091048945885, 0.7013119515587116, 0.6779971201063344
0.6851353180805629, 0.6981120697081953, 0.7034091048945885, 0.7013119515587116, 0.6779971201063344, 0.6582563105362262
0.6981120697081953, 0.7034091048945885, 0.7013119515587116, 0.6779971201063344, 0.6582563105362262, 0.6650695974302486
0.7034091048945885, 0.7013119515587116, 0.6779971201063344, 0.6582563105362262, 0.6650695974302486, 0.6849777854356146
0.7013119515587116, 0.6779971201063344, 0.6582563105362262, 0.6650695974302486, 0.6849777854356146, 0.6464807453263262
0.6779971201063344, 0.6582563105362262, 0.6650695974302486, 0.6849777854356146, 0.6464807453263262, 0.6293589159784869
0.6582563105362262, 0.6650695974302486, 0.6849777854356146, 0.6464807453263262, 0.6293589159784869, 0.6440488351199338
0.6650695974302486, 0.6849777854356146, 0.6464807453263262, 0.6293589159784869, 0.6440488351199338, 0.6562280777325145
0.6849777854356146, 0.6464807453263262, 0.6293589159784869, 0.6440488351199338, 0.6562280777325145, 0.6752599904003543
0.6464807453263262, 0.6293589159784869, 0.6440488351199338, 0.6562280777325145, 0.6752599904003543, 0.6777608211389116
0.6293589159784869, 0.6440488351199338, 0.6562280777325145, 0.6752599904003543, 0.6777608211389116, 0.6846922575166455
0.6440488351199338, 0.6562280777325145, 0.6752599904003543, 0.6777608211389116, 0.6846922575166455, 0.6922341328935546
0.6562280777325145, 0.6752599904003543, 0.6777608211389116, 0.6846922575166455, 0.6922341328935546, 0.6881382841248939
0.6752599904003543, 0.6777608211389116, 0.6846922575166455, 0.6922341328935546, 0.6881382841248939, 0.6913086286044821
0.6777608211389116, 0.6846922575166455, 0.6922341328935546, 0.6881382841248939, 0.6913086286044821, 0.6763331815440661
0.6846922575166455, 0.6922341328935546, 0.6881382841248939, 0.6913086286044821, 0.6763331815440661, 0.6822701931005624
0.6922341328935546, 0.6881382841248939, 0.6913086286044821, 0.6763331815440661, 0.6822701931005624, 0.6910329464758223
0.6881382841248939, 0.6913086286044821, 0.6763331815440661, 0.6822701931005624, 0.6910329464758223, 0.6965662806296382
0.6913086286044821, 0.6763331815440661, 0.6822701931005624, 0.6910329464758223, 0.6965662806296382, 0.6963004442912877
0.6763331815440661, 0.6822701931005624, 0.6910329464758223, 0.6965662806296382, 0.6963004442912877, 0.6937996135527303
0.6822701931005624, 0.6910329464758223, 0.6965662806296382, 0.6963004442912877, 0.6937996135527303, 0.6972653317415972
0.6910329464758223, 0.6965662806296382, 0.6963004442912877, 0.6937996135527303, 0.6972653317415972, 0.6805865629576753
0.6965662806296382, 0.6963004442912877, 0.6937996135527303, 0.6972653317415972, 0.6805865629576753, 0.690914796992111
0.6963004442912877, 0.6937996135527303, 0.6972653317415972, 0.6805865629576753, 0.690914796992111, 0.6883745830923166
0.6937996135527303, 0.6972653317415972, 0.6805865629576753, 0.690914796992111, 0.6883745830923166, 0.6911806333304615
0.6972653317415972, 0.6805865629576753, 0.690914796992111, 0.6883745830923166, 0.6911806333304615, 0.709070434322425
0.6805865629576753, 0.690914796992111, 0.6883745830923166, 0.6911806333304615, 0.709070434322425, 0.7098580975471674
0.690914796992111, 0.6883745830923166, 0.6911806333304615, 0.709070434322425, 0.7098580975471674, 0.7010756525912888
0.6883745830923166, 0.6911806333304615, 0.709070434322425, 0.7098580975471674, 0.7010756525912888, 0.6836682953244801
0.6911806333304615, 0.709070434322425, 0.7098580975471674, 0.7010756525912888, 0.6836682953244801, 0.6905701943312861
0.709070434322425, 0.7098580975471674, 0.7010756525912888, 0.6836682953244801, 0.6905701943312861, 0.6976788549345868
0.7098580975471674, 0.7010756525912888, 0.6836682953244801, 0.6905701943312861, 0.6976788549345868, 0.6856177618057178
0.7010756525912888, 0.6836682953244801, 0.6905701943312861, 0.6976788549345868, 0.6856177618057178, 0.7005833630758248
0.6836682953244801, 0.6905701943312861, 0.6976788549345868, 0.6856177618057178, 0.7005833630758248, 0.704974585553764
0.6905701943312861, 0.6976788549345868, 0.6856177618057178, 0.7005833630758248, 0.704974585553764, 0.7128906009624258
0.6976788549345868, 0.6856177618057178, 0.7005833630758248, 0.704974585553764, 0.7128906009624258, 0.7240951103343877
0.6856177618057178, 0.7005833630758248, 0.704974585553764, 0.7128906009624258, 0.7240951103343877, 0.7219979569985107
0.7005833630758248, 0.704974585553764, 0.7128906009624258, 0.7240951103343877, 0.7219979569985107, 0.7320898920655237
0.704974585553764, 0.7128906009624258, 0.7240951103343877, 0.7219979569985107, 0.7320898920655237, 0.735575301835009
0.7128906009624258, 0.7240951103343877, 0.7219979569985107, 0.7320898920655237, 0.735575301835009, 0.7369537124783084
0.7240951103343877, 0.7219979569985107, 0.7320898920655237, 0.735575301835009, 0.7369537124783084, 0.7362349697857309
0.7219979569985107, 0.7320898920655237, 0.735575301835009, 0.7369537124783084, 0.7362349697857309, 0.7398188374583092
0.7320898920655237, 0.735575301835009, 0.7369537124783084, 0.7362349697857309, 0.7398188374583092, 0.7522048416673844
0.735575301835009, 0.7369537124783084, 0.7362349697857309, 0.7398188374583092, 0.7522048416673844, 0.7610463613651188
0.7369537124783084, 0.7362349697857309, 0.7398188374583092, 0.7522048416673844, 0.7610463613651188, 0.7628481409917172
0.7362349697857309, 0.7398188374583092, 0.7522048416673844, 0.7610463613651188, 0.7628481409917172, 0.7623755430568716
0.7398188374583092, 0.7522048416673844, 0.7610463613651188, 0.7628481409917172, 0.7623755430568716, 0.7555819477434679
0.7522048416673844, 0.7610463613651188, 0.7628481409917172, 0.7623755430568716, 0.7555819477434679, 0.7420144486972786
0.7610463613651188, 0.7628481409917172, 0.7623755430568716, 0.7555819477434679, 0.7420144486972786, 0.7479711518343938
0.7628481409917172, 0.7623755430568716, 0.7555819477434679, 0.7420144486972786, 0.7479711518343938, 0.7495661698644972
0.7623755430568716, 0.7555819477434679, 0.7420144486972786, 0.7479711518343938, 0.7495661698644972, 0.7537112475847045
0.7555819477434679, 0.7420144486972786, 0.7479711518343938, 0.7495661698644972, 0.7537112475847045, 0.7684700872583166
0.7420144486972786, 0.7479711518343938, 0.7495661698644972, 0.7537112475847045, 0.7684700872583166, 0.7709315348356367
0.7479711518343938, 0.7495661698644972, 0.7537112475847045, 0.7684700872583166, 0.7709315348356367, 0.7742692577504828
0.7495661698644972, 0.7537112475847045, 0.7684700872583166, 0.7709315348356367, 0.7742692577504828, 0.7740132672024416
0.7537112475847045, 0.7684700872583166, 0.7709315348356367, 0.7742692577504828, 0.7740132672024416, 0.7615780340418199
0.7684700872583166, 0.7709315348356367, 0.7742692577504828, 0.7740132672024416, 0.7615780340418199, 0.770980763787183
0.7709315348356367, 0.7742692577504828, 0.7740132672024416, 0.7615780340418199, 0.770980763787183, 0.7687063862257393
0.7742692577504828, 0.7740132672024416, 0.7615780340418199, 0.770980763787183, 0.7687063862257393, 0.7723887118014103
0.7740132672024416, 0.7615780340418199, 0.770980763787183, 0.7687063862257393, 0.7723887118014103, 0.7716699691088328
0.7615780340418199, 0.770980763787183, 0.7687063862257393, 0.7723887118014103, 0.7716699691088328, 0.7845581086236815
0.770980763787183, 0.7687063862257393, 0.7723887118014103, 0.7716699691088328, 0.7845581086236815, 0.7858380613638879
0.7687063862257393, 0.7723887118014103, 0.7716699691088328, 0.7845581086236815, 0.7858380613638879, 0.79649120647853
0.7723887118014103, 0.7716699691088328, 0.7845581086236815, 0.7858380613638879, 0.79649120647853, 0.7888213358276002
0.7716699691088328, 0.7845581086236815, 0.7858380613638879, 0.79649120647853, 0.7888213358276002, 0.7750963041364626
0.7845581086236815, 0.7858380613638879, 0.79649120647853, 0.7888213358276002, 0.7750963041364626, 0.7840756648985266
0.7858380613638879, 0.79649120647853, 0.7888213358276002, 0.7750963041364626, 0.7840756648985266, 0.7760513457964628
0.79649120647853, 0.7888213358276002, 0.7750963041364626, 0.7840756648985266, 0.7760513457964628, 0.7788967791958449
0.7888213358276002, 0.7750963041364626, 0.7840756648985266, 0.7760513457964628, 0.7788967791958449, 0.7882798173605895
0.7750963041364626, 0.7840756648985266, 0.7760513457964628, 0.7788967791958449, 0.7882798173605895, 0.7845187254624444
0.7840756648985266, 0.7760513457964628, 0.7788967791958449, 0.7882798173605895, 0.7845187254624444, 0.7926808856288381
0.7760513457964628, 0.7788967791958449, 0.7882798173605895, 0.7845187254624444, 0.7926808856288381, 0.7695925073535744
0.7788967791958449, 0.7882798173605895, 0.7845187254624444, 0.7926808856288381, 0.7695925073535744, 0.7893825458752292
0.7882798173605895, 0.7845187254624444, 0.7926808856288381, 0.7695925073535744, 0.7893825458752292, 0.7848633281232693
0.7845187254624444, 0.7926808856288381, 0.7695925073535744, 0.7893825458752292, 0.7848633281232693, 0.7946106605294573
0.7926808856288381, 0.7695925073535744, 0.7893825458752292, 0.7848633281232693, 0.7946106605294573, 0.7980369955570871
0.7695925073535744, 0.7893825458752292, 0.7848633281232693, 0.7946106605294573, 0.7980369955570871, 0.7989920372170872
0.7893825458752292, 0.7848633281232693, 0.7946106605294573, 0.7980369955570871, 0.7989920372170872, 0.7895006953589404
0.7848633281232693, 0.7946106605294573, 0.7980369955570871, 0.7989920372170872, 0.7895006953589404, 0.7900619054065696
0.7946106605294573, 0.7980369955570871, 0.7989920372170872, 0.7895006953589404, 0.7900619054065696, 0.7812400772894539
0.7980369955570871, 0.7989920372170872, 0.7895006953589404, 0.7900619054065696, 0.7812400772894539, 0.7813582267731651
0.7989920372170872, 0.7895006953589404, 0.7900619054065696, 0.7812400772894539, 0.7813582267731651, 0.7425658129545986
0.7895006953589404, 0.7900619054065696, 0.7812400772894539, 0.7813582267731651, 0.7425658129545986, 0.7371309367038755
0.7900619054065696, 0.7812400772894539, 0.7813582267731651, 0.7425658129545986, 0.7371309367038755, 0.7507575104919202
0.7812400772894539, 0.7813582267731651, 0.7425658129545986, 0.7371309367038755, 0.7507575104919202, 0.7322671162910906
0.7813582267731651, 0.7425658129545986, 0.7371309367038755, 0.7507575104919202, 0.7322671162910906, 0.7322966536620185
0.7425658129545986, 0.7371309367038755, 0.7507575104919202, 0.7322671162910906, 0.7322966536620185, 0.7217911954020158
0.7371309367038755, 0.7507575104919202, 0.7322671162910906, 0.7322966536620185, 0.7217911954020158, 0.7434716256630522
0.7507575104919202, 0.7322671162910906, 0.7322966536620185, 0.7217911954020158, 0.7434716256630522, 0.7487194318978991
0.7322671162910906, 0.7322966536620185, 0.7217911954020158, 0.7434716256630522, 0.7487194318978991, 0.7455983163698571
0.7322966536620185, 0.7217911954020158, 0.7434716256630522, 0.7487194318978991, 0.7455983163698571, 0.7583683064009943
0.7217911954020158, 0.7434716256630522, 0.7487194318978991, 0.7455983163698571, 0.7583683064009943, 0.766697845002646
0.7434716256630522, 0.7487194318978991, 0.7455983163698571, 0.7583683064009943, 0.766697845002646, 0.7665796955189345
0.7487194318978991, 0.7455983163698571, 0.7583683064009943, 0.766697845002646, 0.7665796955189345, 0.783002473754815
0.7455983163698571, 0.7583683064009943, 0.766697845002646, 0.7665796955189345, 0.783002473754815, 0.7927104229997659
0.7583683064009943, 0.766697845002646, 0.7665796955189345, 0.783002473754815, 0.7927104229997659, 0.797544706041623
0.766697845002646, 0.7665796955189345, 0.783002473754815, 0.7927104229997659, 0.797544706041623, 0.8033143391628614
0.7665796955189345, 0.783002473754815, 0.7927104229997659, 0.797544706041623, 0.8033143391628614, 0.7994055604100772
0.783002473754815, 0.7927104229997659, 0.797544706041623, 0.8033143391628614, 0.7994055604100772, 0.8087787527845126
0.7927104229997659, 0.797544706041623, 0.8033143391628614, 0.7994055604100772, 0.8087787527845126, 0.8108463687494614
0.797544706041623, 0.8033143391628614, 0.7994055604100772, 0.8087787527845126, 0.8108463687494614, 0.8109448266525542
0.8033143391628614, 0.7994055604100772, 0.8087787527845126, 0.8108463687494614, 0.8109448266525542, 0.8076169495280173
0.7994055604100772, 0.8087787527845126, 0.8108463687494614, 0.8109448266525542, 0.8076169495280173, 0.8141447085030704
0.8087787527845126, 0.8108463687494614, 0.8109448266525542, 0.8076169495280173, 0.8141447085030704, 0.8130715173593589
0.8108463687494614, 0.8109448266525542, 0.8076169495280173, 0.8141447085030704, 0.8130715173593589, 0.8115355740711111
0.8109448266525542, 0.8076169495280173, 0.8141447085030704, 0.8130715173593589, 0.8115355740711111, 0.808512916446162
0.8076169495280173, 0.8141447085030704, 0.8130715173593589, 0.8115355740711111, 0.808512916446162, 0.8184177814972985
0.8141447085030704, 0.8130715173593589, 0.8115355740711111, 0.808512916446162, 0.8184177814972985, 0.8123429288764721
0.8130715173593589, 0.8115355740711111, 0.808512916446162, 0.8184177814972985, 0.8123429288764721, 0.7994449435713142
0.8115355740711111, 0.808512916446162, 0.8184177814972985, 0.8123429288764721, 0.7994449435713142, 0.8065831415455429
0.808512916446162, 0.8184177814972985, 0.8123429288764721, 0.7994449435713142, 0.8065831415455429, 0.8083160006399763
0.8184177814972985, 0.8123429288764721, 0.7994449435713142, 0.8065831415455429, 0.8083160006399763, 0.7965896643816227
0.8123429288764721, 0.7994449435713142, 0.8065831415455429, 0.8083160006399763, 0.7965896643816227, 0.7952014079480142
0.7994449435713142, 0.8065831415455429, 0.8083160006399763, 0.7965896643816227, 0.7952014079480142, 0.8098224065572962
0.8065831415455429, 0.8083160006399763, 0.7965896643816227, 0.7952014079480142, 0.8098224065572962, 0.8123724662474
0.8083160006399763, 0.7965896643816227, 0.7952014079480142, 0.8098224065572962, 0.8123724662474, 0.8220114949601859
0.7965896643816227, 0.7952014079480142, 0.8098224065572962, 0.8123724662474, 0.8220114949601859, 0.8210662990904951
0.7952014079480142, 0.8098224065572962, 0.8123724662474, 0.8220114949601859, 0.8210662990904951, 0.8052047309022434
0.8098224065572962, 0.8123724662474, 0.8220114949601859, 0.8210662990904951, 0.8052047309022434, 0.7938623804659518
0.8123724662474, 0.8220114949601859, 0.8210662990904951, 0.8052047309022434, 0.7938623804659518, 0.8091528928162651
0.8220114949601859, 0.8210662990904951, 0.8052047309022434, 0.7938623804659518, 0.8091528928162651, 0.7773411443269785
0.8210662990904951, 0.8052047309022434, 0.7938623804659518, 0.8091528928162651, 0.7773411443269785, 0.7939411467884261
0.8052047309022434, 0.7938623804659518, 0.8091528928162651, 0.7773411443269785, 0.7939411467884261, 0.7889690226822393
0.7938623804659518, 0.8091528928162651, 0.7773411443269785, 0.7939411467884261, 0.7889690226822393, 0.7835439922218255
0.8091528928162651, 0.7773411443269785, 0.7939411467884261, 0.7889690226822393, 0.7835439922218255, 0.7578169421436747
0.7773411443269785, 0.7939411467884261, 0.7889690226822393, 0.7835439922218255, 0.7578169421436747, 0.757826787933984
0.7939411467884261, 0.7889690226822393, 0.7835439922218255, 0.7578169421436747, 0.757826787933984, 0.7792216902760514
0.7889690226822393, 0.7835439922218255, 0.7578169421436747, 0.757826787933984, 0.7792216902760514, 0.7761891868607926
0.7835439922218255, 0.7578169421436747, 0.757826787933984, 0.7792216902760514, 0.7761891868607926, 0.7469274980616099
0.7578169421436747, 0.757826787933984, 0.7792216902760514, 0.7761891868607926, 0.7469274980616099, 0.7801964235166702
0.757826787933984, 0.7792216902760514, 0.7761891868607926, 0.7469274980616099, 0.7801964235166702, 0.7401437485385154
0.7792216902760514, 0.7761891868607926, 0.7469274980616099, 0.7801964235166702, 0.7401437485385154, 0.7184042435356233
0.7761891868607926, 0.7469274980616099, 0.7801964235166702, 0.7401437485385154, 0.7184042435356233, 0.6874983077547905
0.7469274980616099, 0.7801964235166702, 0.7401437485385154, 0.7184042435356233, 0.6874983077547905, 0.6904126616863377
0.7801964235166702, 0.7401437485385154, 0.7184042435356233, 0.6874983077547905, 0.6904126616863377, 0.6754372146259213
0.7401437485385154, 0.7184042435356233, 0.6874983077547905, 0.6904126616863377, 0.6754372146259213, 0.675703050964272
0.7184042435356233, 0.6874983077547905, 0.6904126616863377, 0.6754372146259213, 0.675703050964272, 0.6993329477065461
0.6874983077547905, 0.6904126616863377, 0.6754372146259213, 0.675703050964272, 0.6993329477065461, 0.7163169359900556
0.6904126616863377, 0.6754372146259213, 0.675703050964272, 0.6993329477065461, 0.7163169359900556, 0.7530121964727455
0.6754372146259213, 0.675703050964272, 0.6993329477065461, 0.7163169359900556, 0.7530121964727455, 0.7390607116044944
0.675703050964272, 0.6993329477065461, 0.7163169359900556, 0.7530121964727455, 0.7390607116044944, 0.7624050804277994
0.6993329477065461, 0.7163169359900556, 0.7530121964727455, 0.7390607116044944, 0.7624050804277994, 0.7759528878933699
0.7163169359900556, 0.7530121964727455, 0.7390607116044944, 0.7624050804277994, 0.7759528878933699, 0.7730483797521323
0.7530121964727455, 0.7390607116044944, 0.7624050804277994, 0.7759528878933699, 0.7730483797521323, 0.7961072206564679
0.7390607116044944, 0.7624050804277994, 0.7759528878933699, 0.7730483797521323, 0.7961072206564679, 0.7933996283214156
0.7624050804277994, 0.7759528878933699, 0.7730483797521323, 0.7961072206564679, 0.7933996283214156, 0.8055591793533777
0.7759528878933699, 0.7730483797521323, 0.7961072206564679, 0.7933996283214156, 0.8055591793533777, 0.8285983286770948
0.7730483797521323, 0.7961072206564679, 0.7933996283214156, 0.8055591793533777, 0.8285983286770948, 0.8283620297096721
0.7961072206564679, 0.7933996283214156, 0.8055591793533777, 0.8285983286770948, 0.8283620297096721, 0.8227400834430727
0.7933996283214156, 0.8055591793533777, 0.8285983286770948, 0.8283620297096721, 0.8227400834430727, 0.8340332049278179
0.8055591793533777, 0.8285983286770948, 0.8283620297096721, 0.8227400834430727, 0.8340332049278179, 0.8415553887241085
0.8285983286770948, 0.8283620297096721, 0.8227400834430727, 0.8340332049278179, 0.8415553887241085, 0.8422544398360675
0.8283620297096721, 0.8227400834430727, 0.8340332049278179, 0.8415553887241085, 0.8422544398360675, 0.8484966708921515
0.8227400834430727, 0.8340332049278179, 0.8415553887241085, 0.8422544398360675, 0.8484966708921515, 0.8498947731160695
0.8340332049278179, 0.8415553887241085, 0.8422544398360675, 0.8484966708921515, 0.8498947731160695, 0.8484868251018423
0.8415553887241085, 0.8422544398360675, 0.8484966708921515, 0.8498947731160695, 0.8484868251018423, 0.8495501704552445
0.8422544398360675, 0.8484966708921515, 0.8498947731160695, 0.8484868251018423, 0.8495501704552445, 0.8500326141803993
0.8484966708921515, 0.8498947731160695, 0.8484868251018423, 0.8495501704552445, 0.8500326141803993, 0.8515094827267914
0.8498947731160695, 0.8484868251018423, 0.8495501704552445, 0.8500326141803993, 0.8515094827267914, 0.8618278709709181
0.8484868251018423, 0.8495501704552445, 0.8500326141803993, 0.8515094827267914, 0.8618278709709181, 0.8587953675556592
0.8495501704552445, 0.8500326141803993, 0.8515094827267914, 0.8618278709709181, 0.8587953675556592, 0.8627632210502996
0.8500326141803993, 0.8515094827267914, 0.8618278709709181, 0.8587953675556592, 0.8627632210502996, 0.8733474456327766
0.8515094827267914, 0.8618278709709181, 0.8587953675556592, 0.8627632210502996, 0.8733474456327766, 0.8791663077055614
0.8618278709709181, 0.8587953675556592, 0.8627632210502996, 0.8733474456327766, 0.8791663077055614, 0.8768230096119528
0.8587953675556592, 0.8627632210502996, 0.8733474456327766, 0.8791663077055614, 0.8768230096119528, 0.8825335679913355
0.8627632210502996, 0.8733474456327766, 0.8791663077055614, 0.8768230096119528, 0.8825335679913355, 0.8773448364983445
0.8733474456327766, 0.8791663077055614, 0.8768230096119528, 0.8825335679913355, 0.8773448364983445, 0.86344258058164
0.8791663077055614, 0.8768230096119528, 0.8825335679913355, 0.8773448364983445, 0.86344258058164, 0.8763504116771074
0.8768230096119528, 0.8825335679913355, 0.8773448364983445, 0.86344258058164, 0.8763504116771074, 0.8840104365377276
0.8825335679913355, 0.8773448364983445, 0.86344258058164, 0.8763504116771074, 0.8840104365377276, 0.8816376010731911
0.8773448364983445, 0.86344258058164, 0.8763504116771074, 0.8840104365377276, 0.8816376010731911, 0.8850343987298928
0.86344258058164, 0.8763504116771074, 0.8840104365377276, 0.8816376010731911, 0.8850343987298928, 0.8702066385241158
0.8763504116771074, 0.8840104365377276, 0.8816376010731911, 0.8850343987298928, 0.8702066385241158, 0.8697241947989613
0.8840104365377276, 0.8816376010731911, 0.8850343987298928, 0.8702066385241158, 0.8697241947989613, 0.8365635730373032
0.8816376010731911, 0.8850343987298928, 0.8702066385241158, 0.8697241947989613, 0.8365635730373032, 0.8456118543315322
0.8850343987298928, 0.8702066385241158, 0.8697241947989613, 0.8365635730373032, 0.8456118543315322, 0.8131207463109053
0.8702066385241158, 0.8697241947989613, 0.8365635730373032, 0.8456118543315322, 0.8131207463109053, 0.8006165926181187
0.8697241947989613, 0.8365635730373032, 0.8456118543315322, 0.8131207463109053, 0.8006165926181187, 0.7839870527857432
0.8365635730373032, 0.8456118543315322, 0.8131207463109053, 0.8006165926181187, 0.7839870527857432, 0.8235179008775061
0.8456118543315322, 0.8131207463109053, 0.8006165926181187, 0.7839870527857432, 0.8235179008775061, 0.8711124512325698
0.8131207463109053, 0.8006165926181187, 0.7839870527857432, 0.8235179008775061, 0.8711124512325698, 0.8803871857039124
0.8006165926181187, 0.7839870527857432, 0.8235179008775061, 0.8711124512325698, 0.8803871857039124, 0.8881555142579349
0.7839870527857432, 0.8235179008775061, 0.8711124512325698, 0.8803871857039124, 0.8881555142579349, 0.891729536140204
0.8235179008775061, 0.8711124512325698, 0.8803871857039124, 0.8881555142579349, 0.891729536140204, 0.8914440082212349
0.8711124512325698, 0.8803871857039124, 0.8881555142579349, 0.891729536140204, 0.8914440082212349, 0.8982277577443293
0.8803871857039124, 0.8881555142579349, 0.891729536140204, 0.8914440082212349, 0.8982277577443293, 0.9
0.8881555142579349, 0.891729536140204, 0.8914440082212349, 0.8982277577443293, 0.9, 0.8899376023039147
0.891729536140204, 0.8914440082212349, 0.8982277577443293, 0.9, 0.8899376023039147, 0.8688183820905073
